B001BK , , , , old-eliot-bk- , 2 , 1 , 129
1046BK , , , , old-eliot-bk- , 2 , 2 , 129
3064BK , , , , old-eliot-bk- , 2 , 3 , 129
4080BK , , , , old-eliot-bk- , 2 , 4 , 129
4064BK , , , , old-eliot-bk- , 2 , 5 , 129
1045BK , , , , old-eliot-bk- , 2 , 6 , 129
1043BK , , , , old-eliot-bk- , 2 , 7 , 129
3062BK , , , , old-eliot-bk- , 2 , 8 , 129
2040BK , , , , old-eliot-bk- , 2 , 9 , 129
4081BK , , , , old-eliot-bk- , 2 , 10 , 129
2042BK , , , , old-eliot-bk- , 2 , 11 , 129
2043BK , , , , old-eliot-bk- , 2 , 12 , 129
2044BK , , , , old-eliot-bk- , 2 , 13 , 129
2045BK , , , , old-eliot-bk- , 2 , 14 , 129
2047BK , , , , old-eliot-bk- , 2 , 16 , 129
2048BK , , , , old-eliot-bk- , 2 , 17 , 129
5060BK , , , , old-eliot-bk- , 2 , 18 , 129
3061BK , , , , old-eliot-bk- , 2 , 19 , 129
1069BK , , , , old-eliot-bk- , 2 , 20 , 129
1042BK , , , , old-eliot-bk- , 2 , 21 , 129
1057BK , , , , old-eliot-bk- , 2 , 22 , 129
4082BK , , , , old-eliot-bk- , 2 , 23 , 129
2041BK , , , , old-eliot-bk- , 2 , 24 , 129
4066BK , , , , old-eliot-bk- , 2 , 25 , 129
3063BK , , , , old-eliot-bk- , 2 , 26 , 129
3066BK , , , , old-eliot-bk- , 2 , 27 , 129
3065BK , , , , old-eliot-bk- , 2 , 28 , 129
5037BK , , , , old-eliot-bk- , 2 , 29 , 129
5047BK , , , , old-eliot-bk- , 2 , 30 , 129
2046BK , , , , old-eliot-bk- , 2 , 31 , 129
4067BK , , , , old-eliot-bk- , 2 , 32 , 129
3070BK , , , , old-eliot-bk- , 2 , 33 , 129
4058BK , , , , old-eliot-bk- , 2 , 34 , 129
4083BK , , , , old-eliot-bk- , 2 , 35 , 129
4061BK , , , , old-eliot-bk- , 2 , 37 , 129
4073BK , , , , old-eliot-bk- , 2 , 38 , 129
4060BK , , , , old-eliot-bk- , 2 , 39 , 129
1047BK , , , , old-eliot-bk- , 2 , 40 , 129
4065BK , , , , old-eliot-bk- , 2 , 41 , 129
3068BK , , , , old-eliot-bk- , 2 , 42 , 129
3069BK , , , , old-eliot-bk- , 2 , 43 , 129
5036BK , , , , old-eliot-bk- , 2 , 44 , 129
B028BK , , , , old-eliot-bk- , 2 , 45 , 999
3067BK , , , , old-eliot-bk- , 2 , 48 , 129
4070BK , , , , old-eliot-bk- , 3 , 2 , 129
4071BK , , , , old-eliot-bk- , 3 , 3 , 129
5034BK , , , , old-eliot-bk- , 3 , 4 , 129
5044BK , , , , old-eliot-bk- , 3 , 5 , 129
4078BK , , , , old-eliot-bk- , 3 , 6 , 129
5039BK , , , , old-eliot-bk- , 3 , 8 , 129
5006BK , , , , old-eliot-bk- , 3 , 9 , 129
4072BK , , , , old-eliot-bk- , 3 , 10 , 129
5035BK , , , , old-eliot-bk- , 3 , 11 , 129
5056BK , , , , old-eliot-bk- , 3 , 13 , 129
5038BK , , , , old-eliot-bk- , 3 , 15 , 129
5004BK , , , , old-eliot-bk- , 3 , 16 , 129
5040BK , , , , old-eliot-bk- , 3 , 17 , 129
1058BK , , , , old-eliot-bk- , 3 , 18 , 129
5043BK , , , , old-eliot-bk- , 3 , 19 , 129
1044BK , , , , old-eliot-bk- , 3 , 20 , 129
4063BK , , , , old-eliot-bk- , 3 , 21 , 129
4079BK , , , , old-eliot-bk- , 3 , 22 , 129
4069BK , , , , old-eliot-bk- , 3 , 23 , 129
5041BK , , , , old-eliot-bk- , 3 , 25 , 129
5048BK , , , , old-eliot-bk- , 3 , 27 , 129
5049BK , , , , old-eliot-bk- , 3 , 28 , 129
5051BK , , , , old-eliot-bk- , 3 , 29 , 129
5050BK , , , , old-eliot-bk- , 3 , 30 , 129
5052BK , , , , old-eliot-bk- , 3 , 31 , 129
5053BK , , , , old-eliot-bk- , 3 , 32 , 129
4062BK , , , , old-eliot-bk- , 3 , 33 , 129
B029BK , , , , old-eliot-bk- , 3 , 34 , 999
5055BK , , , , old-eliot-bk- , 3 , 35 , 129
5054BK , , , , old-eliot-bk- , 3 , 36 , 129
5058BK , , , , old-eliot-bk- , 3 , 37 , 129
2039BK , , , , old-eliot-bk- , 3 , 39 , 129
5042BK , , , , old-eliot-bk- , 3 , 40 , 129
5005BK , , , , old-eliot-bk- , 3 , 42 , 129
5057BK , , , , old-eliot-bk- , 3 , 45 , 129
B002BK , , , , old-eliot-bk- , 3 , 46 , 129
4059BK , , , , old-eliot-bk- , 3 , 47 , 129
1059BK , , , , old-eliot-bk- , 3 , 48 , 129
